network_id,architecture,depth,width,layer_structure,r_all,p_all,r_skip,p_skip,accuracy,L1,L2,L3,L4,L5,L6,L7,L8,L9,L10,L11,L12
1,bottleneck,10,128,128→128→128→64→32→32→64→128→128→128,-0.8244337498842454,,-0.9995439114980247,,0.5005000233650208,-0.3278386890888214,0.2102920413017273,0.4072280526161194,0.010884045623242855,,,,,,,,
2,bottleneck,11,128,128→128→128→128→64→32→64→128→128→128→128,-0.051934674483528974,,-0.006409831021378263,,0.765500009059906,-0.017644645646214485,-0.0502396896481514,-0.036902666091918945,-0.3741544187068939,-0.5106541514396667,-0.45909130573272705,-0.532085120677948,-0.38741976022720337,-0.04657141864299774,,,
3,bottleneck,12,128,128→128→128→128→64→32→32→64→128→128→128→128,-0.9997084268432997,,-0.9728260806795423,,0.9415000081062317,0.04249947518110275,0.15699243545532227,0.14902786910533905,0.15260140597820282,0.05303238704800606,-0.018344173207879066,,,,,,