{
  "train": {
    "acc": 0.555859375,
    "auc": 0.5726443481445312
  },
  "val": {
    "acc": 0.55625,
    "auc": 0.60419921875
  },
  "test": {
    "acc": 0.555,
    "auc": 0.5784812500000001
  }
}