{
  "train": {
    "acc": 0.94,
    "auc": 0.987858984375
  },
  "val": {
    "acc": 0.94625,
    "auc": 0.9867812499999999
  },
  "test": {
    "acc": 0.949,
    "auc": 0.9891000000000001
  }
}