dataset,mode,width,depth,test_acc,best_k,rho,z,L,connected_all_layers,elapsed_s,run_id,error,session
svhn_3v8,real,narrow,5,0.8958608508110046,120,-0.567796885680335,-0.6442655027709445,4,True,45.4,svhn_3v8__w25__d5__s0,,20251007_220339
svhn_3v8,real,narrow,11,0.8914574980735779,350,0.008665129102522068,0.0035376126844416517,10,True,92.9,svhn_3v8__w25__d11__s0,,20251007_220339
svhn_3v8,real,wide,5,0.905107855796814,250,-0.4301844722081779,-0.4601230217418763,4,True,50.0,svhn_3v8__w50__d5__s0,,20251007_220339
svhn_3v8,real,wide,11,0.9117128849029541,350,-0.12750471422952314,-0.052338451778532066,10,True,96.7,svhn_3v8__w50__d11__s0,,20251007_220339
svhn_3v8,real,bottleneck,5,0.8978423476219177,50,-0.9546056704531519,-1.8812782757920696,4,True,48.1,svhn_3v8__bottleneck__d5__s0,,20251007_220339
svhn_3v8,real,bottleneck,11,0.8976221680641174,350,-0.035526812773504696,-0.014509867200781925,10,True,96.1,svhn_3v8__bottleneck__d11__s0,,20251007_220339
