dataset,mode,width,depth,test_acc,best_k,rho,z,L,connected_all_layers,elapsed_s,run_id,error,session
svhn_1v7,real,narrow,5,0.9360775351524353,10,-0.8853843036967841,-1.4001510964222015,4,True,49.3,svhn_1v7__w25__d5__s0,,20251007_220339
svhn_1v7,real,narrow,11,0.9414161443710327,350,-0.3002335482328547,-0.12646563280899367,10,True,100.0,svhn_1v7__w25__d11__s0,,20251007_220339
svhn_1v7,real,wide,5,0.93958979845047,30,-0.13770672844397314,-0.13858721928996037,4,True,53.0,svhn_1v7__w50__d5__s0,,20251007_220339
svhn_1v7,real,wide,11,0.9388872981071472,350,-0.09836890734847856,-0.04028922741985815,10,True,101.6,svhn_1v7__w50__d11__s0,,20251007_220339
svhn_1v7,real,bottleneck,5,0.9356560707092285,350,-0.7523202451241854,-0.978279721192794,4,True,53.1,svhn_1v7__bottleneck__d5__s0,,20251007_220339
svhn_1v7,real,bottleneck,11,0.9412756562232971,350,-0.19192912233360948,-0.07933868907084796,10,True,101.8,svhn_1v7__bottleneck__d11__s0,,20251007_220339
